category,review
Фитнес-клуб,"Отличный клуб! Зал всегда чистый, тренеры профессиональные и дружелюбные. Удобное расписание, всегда есть время для тренировки. Особенно мне нравится кардио-зона и разнообразие тренажеров."
Фитнес-клуб,"Очень понравился этот клуб. Качество оборудования на высоте, тренеры всегда помогут и дадут полезные советы. Атмосфера дружелюбная, всегда можно встретить людей, которые мотивируют на успех."
Фитнес-клуб,"Этот клуб стал моим любимым. Удобные часы работы, чистота и порядок в зале, а также отличные тренеры. Прекрасное место для людей, которые хотят улучшить свою физическую форму."
Фитнес-клуб,"Очень доволен этим клубом. Отличные тренировки, современное оборудование и приятная атмосфера. В зале всегда есть место для работы, а персонал всегда приветлив и готов помочь."
Фитнес-клуб,"Фитнес-клуб на высшем уровне. Все тренировки разнообразные и интересные, а тренеры профессионалы своего дела. Удобное расположение и хорошее оборудование — отличный выбор для занятий спортом."
Фитнес-клуб,"Лучший клуб, в котором я когда-либо был. Здесь отличные тренажеры, атмосфера мотивирует, а тренеры всегда готовы помочь и составить план тренировок, который подходит именно мне."
Фитнес-клуб,"Прекрасное место для тренировок. Тренажеры всегда новые, зал просторный, а атмосфера дружелюбная. Отлично подходит для людей, которые только начинают заниматься спортом."
Фитнес-клуб,"Очень хороший фитнес-клуб. Все тренировки адаптированы под разный уровень подготовки. Мне нравятся тренировки с персональными тренерами, которые всегда поддерживают и подсказывают, как лучше выполнять упражнения."
Фитнес-клуб,"Не разочарован клубом. Отличное оборудование, тренеры профессиональные, а атмосфера просто супер. Очень приятно заниматься в таком месте."
Фитнес-клуб,"Зал всегда чистый и хорошо оборудованный. Есть все необходимое для тренировки, а тренеры всегда подскажут, как сделать упражнения правильно. Отличное место для занятий фитнесом."
Спортивный клуб,"Это место не оправдало ожиданий. Тренажеры старые, а качество тренировки оставляет желать лучшего. К тому же, иногда тренеры не помогают и не дают полезных советов."
Спортивный клуб,"Очень разочарован. Зал тесный, тренажеры не работают как нужно, а персонал не очень внимателен. Не рекомендую этот клуб, если вы хотите качественно заниматься спортом."
Спортивный клуб,"От этого клуба ожидал большего. Состояние оборудования плохое, а тренеры не мотивируют на результат. Ушёл с разочарованием и не планирую возвращаться."
Спортивный клуб,"Очень плохой клуб. Оборудование старое, тренеры не профессиональные, а атмосфера унылая. Здесь не хочется заниматься, а после тренировки просто устал не от нагрузки, а от плохих условий."
Спортивный клуб,"Очень неудачное место для тренировок. Оборудование устарело, а тренеры не умеют составить индивидуальный план для новичков. Это место явно не для людей, которые серьезно хотят заниматься спортом."
Спортивный клуб,"Не рекомендую этот клуб. Неуютная атмосфера, оборудование не соответствует современным стандартам. После занятий было больше разочарования, чем удовлетворения от тренировки."
Спортивный клуб,"Не стоит своих денег. Тренировки скучные, оборудование плохое, а персонал не заинтересован в том, чтобы помочь. Не думаю, что вернусь сюда снова."
Спортивный клуб,Это место не для любителей спорта. Качество оборудования и тренировки оставляют желать лучшего. Вряд ли вернусь сюда или порекомендую кому-то.
Спортивный клуб,"Не впечатлен этим клубом. Все тренировки однообразные, а оборудование старое. Ушёл с негативными впечатлениями и сомневаюсь, что буду продолжать занятия здесь."
